emp_id,emp_name,job_name,manager_id,salary,dept_name
62173,Chaim,DATA SCIENTIST,68030,926,FINANCE
61785,Charissa,DATA SCIENTIST,69042,1653,FINANCE
66265,Wilma,ENGINEER,66832,1243,RETAIL
69956,Rhiannon,DATA SCIENTIST,67771,1311,FINANCE
65569,Vincent,DATA SCIENTIST,68772,1130,RETAIL
64065,Zia,DATA SCIENTIST,68151,1875,RETAIL
60894,Dillon,SALESMAN,68848,1953,RETAIL
63869,Cassidy,DATA SCIENTIST,68836,1545,RETAIL
65087,Libby,DATA SCIENTIST,66804,1950,MARKETING
62273,Vance,SALESMAN,66980,1802,RETAIL
