ACCOUNT_NO,PRIMARY_CUST_ID,SECONDARY_CUST_ID,CURR_BAL_AMT,ACC_STATUS,START_DATE,END_DATE
1000012003,1005,1001,0,Closed,20-NOV-06,23-AUG-11
1000012004,1008,,84924,Active,11-MAR-06,
1000012005,1009,1004,209844.03,Active,20-NOV-06,
1000012006,1004,,0,Closed,12-SEP-07,12-SEP-10
1000012007,1003,,12300,Inactive,09-DEC-08,
1000012008,1005,,10235,Active,23-MAY-09,
1000012009,1006,,73535,Active,10-OCT-10,
1000012010,1004,,54674,Active,09-OCT-11,
1000012001,1001,,25000,Active,06-SEP-04,
1000012002,1002,,31109.43,Active,16-DEC-05,
